customer,recency,frequency,monetary_value,R_Quartile,F_Quartile,M_Quartile,RFMClass
Aaron Bergman,-258,89,24644.68,2,1,1,211
Aaron Hawkins,-262,56,20759.530000000002,2,3,1,231
Aaron Smayling,-251,60,14212.62,3,3,3,333
Adam Bellavance,-239,68,20186.800000000003,4,2,1,421
Adam Hart,-272,84,21718.239999999998,1,1,1,111
Adam Shillingsburg,-259,71,15444.660000000002,2,2,2,222
Adrian Barton,-247,77,25123.190000000002,3,1,1,311
Adrian Hane,-253,54,11405.939999999999,3,4,4,344
Adrian Shami,-233,44,11286.06,4,4,4,444
Aimee Bixby,-239,55,16201.19,4,4,2,442
Alan Barnes,-261,60,13049.05,2,3,3,233
Alan Dominguez,-269,55,18539.760000000002,1,4,2,142
Alan Haines,-225,77,15279.730000000001,4,1,2,412
Alan Hwang,-268,74,23642.88,1,2,1,121
Alan Schoenberger,-272,73,21836.41,1,2,1,121
Alan Shonely,-262,63,10693.189999999997,2,3,4,234
Alejandro Ballentine,-269,68,15466.220000000001,1,2,2,122
Alejandro Grove,-261,67,13417.21,2,2,3,223
Alejandro Savely,-256,77,21118.32,3,1,1,311
Aleksandra Gannaway,-272,58,14717.2,1,3,3,133
Alex Avila,-272,50,15990.669999999998,1,4,2,142
Alex Grayson,-272,77,15067.060000000001,1,1,3,113
Alex Russell,-245,64,16466.85,3,3,2,332
Alice McCarthy,-259,77,18766.15,2,1,2,212
Allen Armold,-268,55,6538.68,1,4,4,144
Allen Goldenen,-162,53,8926.130000000001,4,4,4,444
Allen Rosenblatt,-220,50,9527.93,4,4,4,444
Alyssa Crouse,-268,61,12297.369999999997,1,3,3,133
Alyssa Tate,-262,65,14942.300000000001,2,2,3,223
Amy Cox,-269,39,17153.0,1,4,2,142
Amy Hunt,-204,39,9198.67,4,4,4,444
Andrew Allen,-149,48,19759.09,4,4,1,441
Andrew Gjertsen,-226,78,16384.32,4,1,2,412
Andrew Roberts,-260,70,16916.539999999997,2,2,2,222
Andy Gerbode,-262,44,11339.66,2,4,4,244
Andy Reiter,-268,35,8545.539999999999,1,4,4,144
Andy Yotov,-260,50,8543.039999999999,2,4,4,244
Anemone Ratner,-272,50,11489.95,1,4,4,144
Angele Hood,-253,49,11358.119999999999,3,4,4,344
Ann Blume,-267,64,18727.21,2,3,2,232
Ann Chong,-268,83,15028.17,1,1,3,113
Ann Steele,-241,55,11815.950000000003,3,4,4,344
Anna Andreadi,-246,91,17312.23,3,1,2,312
Anna Chung,-272,43,8931.69,1,4,4,144
Anna Gayman,-227,77,15391.99,4,1,2,412
Anna Häberlin,-244,76,18094.07,3,1,2,312
Anne McFarland,-249,79,25522.32,3,1,1,311
Anne Pryor,-237,63,16361.759999999998,4,3,2,432
Annie Thurman,-272,55,13387.759999999998,1,4,3,143
Annie Zypern,-248,68,11871.099999999999,3,2,4,324
Anthony Garverick,-246,58,11684.31,3,3,4,334
Anthony Jacobs,-273,79,17757.079999999998,1,1,2,112
Anthony Johnson,-238,77,12282.669999999998,4,1,3,413
Anthony O'Donnell,-267,60,15022.83,2,3,3,233
Anthony Rawles,-252,72,17339.940000000002,3,2,2,322
Anthony Witt,-258,78,15147.24,2,1,3,213
Arianne Irving,-261,50,9278.570000000002,2,4,4,244
Art Ferguson,-269,98,28187.349999999995,1,1,1,111
Art Foster,-221,76,20066.18,4,1,1,411
Arthur Gainer,-251,75,19873.620000000003,3,1,1,311
Arthur Prichep,-198,87,18545.95,4,1,2,412
Arthur Wiediger,-239,49,11013.0,4,4,4,444
Ashley Jarboe,-246,56,15947.95,3,3,2,332
Astrea Jones,-226,60,13262.75,4,3,3,433
Barbara Fisher,-252,62,9835.000000000002,3,3,4,334
Barry Blumstein,-260,62,9886.819999999998,2,3,4,234
Barry Franz,-266,69,24079.88,2,2,1,221
Barry Französisch,-259,62,13208.269999999999,2,3,3,233
Barry Gonzalez,-246,67,20023.58,3,2,1,321
Barry Pond,-269,57,10385.34,1,3,4,134
Barry Weirich,-252,51,17436.559999999998,3,4,2,342
Bart Folk,-249,55,13942.739999999998,3,4,3,343
Bart Pistole,-272,70,10087.550000000001,1,2,4,124
Bart Watters,-220,96,32310.46,4,1,1,411
Becky Castell,-245,87,15185.460000000003,3,1,3,313
Becky Martin,-266,78,27170.00999999999,2,1,1,211
Becky Pak,-242,58,14806.92,3,3,3,333
Ben Ferrer,-258,86,23219.77,2,1,1,211
Ben Peterman,-273,74,16806.64,1,2,2,122
Ben Wallace,-234,68,14968.179999999998,4,2,3,423
Benjamin Farhat,-248,62,13367.880000000001,3,3,3,333
Benjamin Patterson,-235,67,18708.620000000003,4,2,2,422
Benjamin Venier,-230,61,21365.95,4,3,1,431
Berenike Kampe,-248,64,13586.26,3,3,3,333
Beth Fritzler,-268,58,10588.59,1,3,4,134
Beth Paige,-262,55,12832.24,2,4,3,243
Beth Thompson,-246,70,11627.8,3,2,4,324
Bill Donatelli,-269,69,15275.32,1,2,2,122
Bill Eplett,-239,102,28479.170000000002,4,1,1,411
Bill Overfelt,-253,47,8092.52,3,4,4,344
Bill Shonely,-274,68,23508.66,1,2,1,121
Bill Stewart,-246,66,18775.450000000004,3,2,1,321
Bill Tyler,-246,50,11796.369999999999,3,4,4,344
Bobby Elias,-253,60,18411.929999999997,3,3,2,332
Bobby Odegard,-273,57,15027.83,1,3,3,133
Bobby Trafton,-223,53,10396.550000000001,4,4,4,444
Brad Eason,-271,69,18983.83,1,2,1,121
Brad Norvell,-263,70,26201.989999999998,2,2,1,221
Brad Thomas,-244,65,11682.02,3,2,4,324
Bradley Drucker,-255,44,13141.91,3,4,3,343
Bradley Nguyen,-265,65,12879.019999999999,2,2,3,223
Bradley Talbott,-241,55,15344.11,3,4,2,342
Brenda Bowman,-246,63,16004.809999999998,3,3,2,332
Brendan Dodson,-267,36,10920.789999999999,2,4,4,244
Brendan Murry,-240,55,12055.329999999996,4,4,4,444
Brendan Sweed,-239,58,12178.05,4,3,4,434
Brian Dahlen,-177,48,9892.33,4,4,4,444
Brian DeCherney,-225,67,10768.62,4,2,4,424
Brian Derr,-265,68,16919.969999999998,2,2,2,222
Brian Moss,-241,78,17458.089999999997,3,1,2,312
Brian Stugart,-245,71,22570.81,3,2,1,321
Brian Thompson,-256,58,14895.12,3,3,3,333
Brooke Gillingham,-265,49,11212.18,2,4,4,244
Brosina Hoffman,-251,97,28120.620000000003,3,1,1,311
Bruce Degenhardt,-270,76,15956.25,1,1,2,112
Bruce Geld,-268,56,15381.800000000001,1,3,2,132
Bruce Stewart,-273,83,19237.22,1,1,1,111
Bryan Davis,-239,64,13573.369999999999,4,3,3,433
Bryan Mills,-272,84,20691.160000000003,1,1,1,111
Bryan Spruell,-265,69,17252.059999999994,2,2,2,222
Candace McMahon,-234,46,14794.679999999998,4,4,3,443
Cari MacIntyre,-268,77,21606.249999999996,1,1,1,111
Cari Sayre,-259,68,22064.37,2,2,1,221
Cari Schnelling,-224,60,12174.6,4,3,4,434
Carl Jackson,-261,56,13970.310000000001,2,3,3,233
Carl Ludwig,-261,60,18183.17,2,3,2,232
Carl Weiss,-266,55,14353.949999999999,2,4,3,243
Carlos Daly,-272,70,20117.99,1,2,1,121
Carlos Meador,-238,42,10148.31,4,4,4,444
Carlos Soltero,-249,68,14937.060000000001,3,2,3,323
Carol Adams,-256,57,23993.670000000002,3,3,1,331
Carol Darley,-273,68,13228.390000000001,1,2,3,123
Carol Triggs,-246,52,14138.580000000002,3,4,3,343
Caroline Jumper,-241,58,19579.570000000003,3,3,1,331
Cassandra Brandow,-265,59,13526.22,2,3,3,233
Catherine Glotzbach,-253,35,4115.22,3,4,4,344
Cathy Armstrong,-261,56,12292.779999999999,2,3,3,233
Cathy Hwang,-185,70,15668.179999999997,4,2,2,422
Cathy Prescott,-205,65,19769.58,4,2,1,421
Chad Cunningham,-223,58,12520.18,4,3,3,433
Chad McGuire,-266,43,16565.33,2,4,2,242
Chad Sievert,-263,48,12348.51,2,4,3,243
Charles Crestani,-192,59,13348.839999999998,4,3,3,433
Charles McCrossin,-248,55,20155.96,3,4,1,341
Charles Sheldon,-217,62,20046.2,4,3,1,431
Charlotte Melton,-274,55,12826.55,1,4,3,143
Chloris Kastensmidt,-270,96,14575.880000000001,1,1,3,113
Chris Cortes,-254,87,11482.94,3,1,4,314
Chris McAfee,-232,44,11620.629999999997,4,4,4,444
Chris Selesnick,-272,81,14413.740000000002,1,1,3,113
Christina Anderson,-240,69,21837.32,4,2,1,421
Christina DeMoss,-262,82,17984.62,2,1,2,212
Christina VanderZanden,-235,60,10325.500000000002,4,3,4,434
Christine Abelman,-261,43,7802.29,2,4,4,244
Christine Kargatis,-274,67,13053.19,1,2,3,123
Christine Phan,-266,82,25154.140000000003,2,1,1,211
Christine Sundaresam,-268,66,10548.06,1,2,4,124
Christopher Conant,-268,73,35187.09,1,2,1,121
Christopher Martinez,-237,56,22463.600000000002,4,3,1,431
Christopher Schild,-273,53,12514.529999999999,1,4,3,143
Christy Brittain,-248,49,13938.13,3,4,3,343
Chuck Clark,-274,60,15039.16,1,3,3,133
Chuck Magee,-259,58,13713.300000000001,2,3,3,233
Chuck Sachs,-268,70,22755.43,1,2,1,121
Cindy Chapman,-258,74,20869.670000000002,2,2,1,221
Cindy Schnelling,-272,62,12774.64,1,3,3,133
Cindy Stewart,-247,42,13429.77,3,4,3,343
Claire Gute,-246,52,14661.68,3,4,3,343
Claudia Bergmann,-267,72,18255.79,2,2,2,222
Clay Cheatham,-247,60,9342.09,3,3,4,334
Clay Ludtke,-269,79,19783.800000000003,1,1,1,111
Clay Rozendal,-252,41,11757.610000000002,3,4,4,344
Clytie Kelty,-231,79,17143.170000000002,4,1,2,412
Corey Catlett,-258,61,17605.03,2,3,2,232
Corey Roper,-231,77,22351.079999999998,4,1,1,411
Corey-Lock,-270,68,13046.880000000001,1,2,3,123
Corinna Mitchell,-247,54,15578.580000000002,3,4,2,342
Craig Carreira,-258,67,11496.600000000002,2,2,4,224
Craig Carroll,-220,55,16817.97,4,4,2,442
Craig Leslie,-266,69,19376.030000000002,2,2,1,221
Craig Molinari,-233,54,11230.85,4,4,4,444
Craig Reiter,-269,77,20847.54,1,1,1,111
Craig Yedwab,-214,60,14221.479999999998,4,3,3,433
Cyma Kinney,-237,69,10590.77,4,2,4,424
Cynthia Arntzen,-181,61,19836.36,4,3,1,431
Cynthia Delaney,-198,68,14498.920000000002,4,2,3,423
Cynthia Voltz,-270,54,14853.000000000002,1,4,3,143
Cyra Reiten,-219,54,15658.570000000002,4,4,2,442
Damala Kotsonis,-253,86,20963.700000000004,3,1,1,311
Dan Campbell,-240,77,13438.499999999998,4,1,3,413
Dan Lawera,-217,68,12688.699999999999,4,2,3,423
Dan Reichenbach,-271,84,16706.79,1,1,2,112
Dana Kaydos,-229,70,19632.77,4,2,1,421
Daniel Byrd,-272,65,15389.48,1,2,2,122
Daniel Lacy,-237,72,12196.699999999999,4,2,4,424
Daniel Raglin,-247,85,27929.879999999997,3,1,1,311
Dario Medina,-262,76,22299.980000000003,2,1,1,211
Darren Budd,-217,31,9679.240000000002,4,4,4,444
Darren Koutras,-273,64,14905.42,1,3,3,133
Darren Powers,-260,82,15976.369999999999,2,1,2,212
Darrin Martin,-272,66,17732.31,1,2,2,122
Darrin Sayre,-226,68,13280.809999999998,4,2,3,423
Darrin Van Huff,-255,94,22746.36,3,1,1,311
Dave Brooks,-266,70,25547.19,2,2,1,221
Dave Hallsten,-199,83,16192.33,4,1,2,412
Dave Kipp,-266,64,19452.420000000006,2,3,1,231
Dave Poirier,-268,62,25900.739999999998,1,3,1,131
David Bremer,-269,34,6273.820000000001,1,4,4,144
David Flashing,-265,52,11542.05,2,4,4,244
David Kendrick,-264,58,17561.609999999997,2,3,2,232
David Philippe,-267,68,23729.260000000002,2,2,1,221
David Smith,-260,63,13632.54,2,3,3,233
David Wiener,-268,56,10930.56,1,3,4,134
Dean Braden,-267,73,14130.609999999999,2,2,3,223
Dean Katz,-273,56,10654.45,1,3,4,134
Dean percer,-256,81,22834.93,3,1,1,311
Deanra Eno,-255,55,12800.280000000002,3,4,3,343
Deborah Brumfield,-265,58,12576.610000000002,2,3,3,233
Debra Catini,-256,54,16964.64,3,4,2,342
Deirdre Greer,-260,64,16713.73,2,3,2,232
Delfina Latchford,-256,76,20252.470000000005,3,1,1,311
Denise Leinenbach,-262,75,17940.979999999996,2,1,2,212
Denise Monton,-272,59,22053.31,1,3,1,131
Dennis Bolton,-227,52,10611.35,4,4,4,444
Dennis Kane,-270,76,20105.32,1,1,1,111
Dennis Pardue,-274,57,11658.92,1,3,4,134
Denny Blanton,-246,51,16632.649999999998,3,4,2,342
Denny Joy,-273,63,22562.069999999996,1,3,1,131
Denny Ordway,-238,83,18796.620000000003,4,1,1,411
Dianna Arnett,-261,60,15247.43,2,3,3,233
Dianna Vittorini,-261,63,16948.7,2,3,2,232
Dianna Wilson,-219,88,23454.95,4,1,1,411
Dionis Lloyd,-252,56,16645.780000000002,3,3,2,332
Don Jones,-268,78,21396.989999999998,1,1,1,111
Don Miller,-239,52,11831.68,4,4,4,444
Don Weiss,-262,62,14383.03,2,3,3,233
Dorothy Badders,-269,49,10386.33,1,4,4,144
Dorothy Dickinson,-233,66,11072.87,4,2,4,424
Dorothy Wardle,-269,74,12604.9,1,2,3,123
Dorris liebe,-269,58,14721.840000000002,1,3,3,133
Doug Bickford,-247,58,12855.610000000002,3,3,3,333
Doug Jacobs,-262,54,13854.1,2,4,3,243
Doug O'Connell,-248,68,13772.750000000004,3,2,3,323
Duane Benoit,-262,42,13604.769999999999,2,4,3,243
Duane Huffman,-254,54,12479.15,3,4,3,343
Duane Noonan,-262,60,14914.289999999997,2,3,3,233
Ed Braxton,-226,65,15523.94,4,2,2,422
Ed Jacobs,-225,45,10697.42,4,4,4,444
Ed Ludwig,-248,71,14207.260000000002,3,2,3,323
Edward Becker,-242,49,9429.15,3,4,4,344
Edward Hooks,-272,84,21270.320000000003,1,1,1,111
Edward Nazzal,-260,46,7068.779999999999,2,4,4,244
Eileen Kiefer,-230,36,7128.45,4,4,4,444
Eleni McCrary,-216,54,14582.59,4,4,3,443
Elizabeth Moffitt,-219,64,14506.32,4,3,3,433
Ellis Ballard,-272,57,21985.89,1,3,1,131
Elpida Rittenbach,-221,53,17132.3,4,4,2,442
Emily Burns,-259,35,7035.849999999999,2,4,4,244
Emily Ducich,-259,76,18544.379999999997,2,1,2,212
Emily Grady,-252,63,23112.300000000003,3,3,1,331
Emily Phan,-262,72,16771.32,2,2,2,222
Eric Barreto,-267,48,11967.48,2,4,4,244
Eric Hoffmann,-217,71,10351.450000000003,4,2,4,424
Eric Murdock,-272,100,28084.400000000005,1,1,1,111
Erica Bern,-274,77,16119.22,1,1,2,112
Erica Hackney,-241,51,9479.59,3,4,4,344
Erica Hernandez,-272,57,13004.62,1,3,3,133
Erica Smith,-274,67,14720.07,1,2,3,123
Erin Ashbrook,-181,72,11518.89,4,2,4,424
Erin Creighton,-221,58,6731.549999999999,4,3,4,434
Erin Mull,-258,62,15321.550000000003,2,3,2,232
Erin Smith,-246,74,18161.559999999998,3,2,2,322
Eudokia Martin,-266,61,13723.26,2,3,3,233
Eugene Barchas,-254,64,16083.24,3,3,2,332
Eugene Hildebrand,-252,86,22420.54,3,1,1,311
Eugene Moren,-250,94,23408.08,3,1,1,311
Eva Jacobs,-252,49,14956.829999999998,3,4,3,343
Evan Bailliet,-255,47,8004.06,3,4,4,344
Evan Henry,-207,61,16378.32,4,3,2,432
Evan Minnotte,-233,66,19673.69,4,2,1,421
Filia McAdams,-267,69,17288.989999999998,2,2,2,222
Frank Atkinson,-252,62,14349.639999999998,3,3,3,333
Frank Carlisle,-232,51,12408.439999999999,4,4,3,443
Frank Gastineau,-240,44,9704.710000000001,4,4,4,444
Frank Hawley,-270,48,13682.64,1,4,3,143
Frank Merwin,-272,77,16385.030000000002,1,1,2,112
Frank Olsen,-252,85,17772.66,3,1,2,312
Frank Preis,-251,55,10755.640000000001,3,4,4,344
Fred Chung,-167,51,9321.69,4,4,4,444
Fred Harton,-273,42,10765.01,1,4,4,144
Fred Hopkins,-273,82,30400.69,1,1,1,111
Fred McMath,-273,46,7441.9400000000005,1,4,4,144
Fred Wasserman,-274,72,18193.56,1,2,2,122
Gary Hansen,-254,76,15269.809999999998,3,1,2,312
Gary Hwang,-256,102,24625.579999999998,3,1,1,311
Gary McGarr,-273,58,16517.69,1,3,2,132
Gary Mitchum,-258,43,11012.090000000002,2,4,4,244
Gary Zandusky,-267,78,24705.300000000003,2,1,1,211
Gene Hale,-223,50,15487.279999999999,4,4,2,442
Gene McClure,-170,47,11002.559999999998,4,4,4,444
George Ashbrook,-252,58,13807.06,3,3,3,333
George Bell,-241,56,12183.660000000002,3,3,4,334
George Zrebassa,-244,52,15292.130000000001,3,4,2,342
Georgia Rosenberg,-225,62,13850.59,4,3,3,433
Giulietta Baptist,-261,66,12570.910000000002,2,2,3,223
Giulietta Dortch,-269,56,18705.710000000003,1,3,2,132
Giulietta Weimer,-260,57,18070.28,2,3,2,232
Grace Kelly,-262,65,19980.37,2,2,1,221
Grant Thornton,-265,48,20225.37,2,4,1,241
Greg Guthrie,-241,75,13903.38,3,1,3,313
Greg Hansen,-273,65,13998.52,1,2,3,123
Greg Matthias,-273,74,13601.050000000001,1,2,3,123
Greg Maxwell,-227,64,15356.42,4,3,2,432
Greg Tran,-266,87,35550.97000000001,2,1,1,211
Guy Armstrong,-272,64,10278.35,1,3,4,134
Guy Phonely,-273,74,15403.839999999998,1,2,2,122
Guy Thornton,-274,62,9059.289999999999,1,3,4,134
Hallie Redmond,-261,61,15677.27,2,3,2,232
Harold Dahlen,-232,81,20074.77,4,1,1,411
Harold Engle,-268,71,10993.800000000003,1,2,4,124
Harold Pawlan,-244,45,8518.119999999999,3,4,4,344
Harold Ryan,-223,44,10029.110000000002,4,4,4,444
Harry Greene,-262,101,24216.46,2,1,1,211
Harry Marie,-273,85,28476.950000000004,1,1,1,111
Heather Jas,-269,68,15434.029999999999,1,2,2,122
Heather Kirkland,-231,60,15543.419999999998,4,3,2,432
Helen Abelman,-261,62,16933.460000000003,2,3,2,232
Helen Andreada,-254,63,10411.100000000002,3,3,4,334
Helen Wasserman,-240,66,18374.01,4,2,2,422
Henia Zydlo,-239,57,12486.79,4,3,3,433
Henry Goldwyn,-251,71,17165.29,3,2,2,322
Henry MacAllister,-249,64,17128.14,3,3,2,332
Herbert Flentye,-260,77,11812.859999999999,2,1,4,214
Hilary Holden,-220,57,15229.31,4,3,3,433
Hunter Glantz,-268,67,16214.42,1,2,2,122
Hunter Lopez,-244,53,30243.599999999995,3,4,1,341
Ionia McGrath,-259,39,9479.8,2,4,4,244
Irene Maddox,-234,82,19918.19,4,1,1,411
Ivan Gibson,-273,77,16149.37,1,1,2,112
Ivan Liston,-158,64,12855.52,4,3,3,433
Jack Garza,-269,62,15709.490000000002,1,3,2,132
Jack Lebron,-266,83,18673.910000000003,2,1,2,212
Jack O'Briant,-269,51,13345.689999999999,1,4,3,143
James Galang,-273,83,21551.54,1,1,1,111
James Lanier,-268,53,14852.949999999999,1,4,3,143
Jamie Frazer,-268,74,20574.88,1,2,1,121
Jamie Kunitz,-213,50,12534.619999999999,4,4,3,443
Jane Waco,-262,75,30288.46,2,1,1,211
Janet Lee,-273,69,20477.11,1,2,1,121
Janet Martin,-268,67,18018.66,1,2,2,122
Janet Molinari,-237,77,16168.459999999997,4,1,2,412
Jas O'Carroll,-260,44,8818.41,2,4,4,244
Jason Fortune-,-218,73,22816.190000000002,4,2,1,421
Jason Gross,-272,55,13570.709999999997,1,4,3,143
Jason Klamczynski,-197,62,17204.25,4,3,2,432
Jasper Cacioppo,-240,73,18442.43,4,2,2,422
Jay Fein,-261,64,10819.34,2,3,4,234
Jay Kimmel,-273,67,13400.94,1,2,3,123
Jenna Caffey,-266,75,16162.029999999999,2,1,2,212
Jennifer Braxton,-267,73,15257.550000000001,2,2,3,223
Jennifer Ferguson,-272,66,22944.490000000005,1,2,1,121
Jennifer Halladay,-269,78,12689.7,1,1,3,113
Jennifer Jackson,-255,41,12187.040000000003,3,4,4,344
Jennifer Patt,-238,78,14210.369999999999,4,1,3,413
Jeremy Ellison,-247,43,6819.26,3,4,4,344
Jeremy Farry,-270,57,10721.93,1,3,4,134
Jeremy Lonsdale,-244,48,11361.05,3,4,4,344
Jeremy Pistek,-266,74,18656.57,2,2,2,222
Jessica Myrick,-260,51,7790.22,2,4,4,244
Jesus Ocampo,-262,53,8206.69,2,4,4,244
Jill Fjeld,-273,78,23620.85,1,1,1,111
Jill Matthias,-274,58,14176.18,1,3,3,133
Jill Stevenson,-269,49,10141.34,1,4,4,144
Jim Epp,-232,64,13949.53,4,3,3,433
Jim Karlsson,-273,69,17119.19,1,2,2,122
Jim Kriz,-274,43,13065.89,1,4,3,143
Jim Mitchum,-266,84,19897.390000000003,2,1,1,211
Jim Radford,-262,48,15923.130000000001,2,4,2,242
Jim Sink,-234,69,16282.59,4,2,2,422
Jocasta Rupert,-267,36,11241.500000000002,2,4,4,244
Joe Elijah,-265,82,22455.6,2,1,1,211
Joe Kamberova,-226,91,26688.79,4,1,1,411
Joel Eaton,-242,87,21904.64,3,1,1,311
Joel Jenkins,-272,83,19993.800000000003,1,1,1,111
John Castell,-273,53,12295.279999999999,1,4,3,143
John Dryer,-259,48,11590.84,2,4,4,244
John Grady,-274,95,22223.770000000008,1,1,1,111
John Huston,-261,83,25945.749999999996,2,1,1,211
John Lee,-253,72,25982.33,3,2,1,321
John Lucas,-230,50,10501.27,4,4,4,444
John Murray,-206,79,22386.23,4,1,1,411
John Stevenson,-263,42,12189.099999999999,2,4,4,244
Jonathan Doherty,-272,86,19481.790000000005,1,1,1,111
Jonathan Howell,-234,81,16546.73,4,1,2,412
Joni Blumstein,-265,59,13337.37,2,3,3,233
Joni Sundaresam,-269,53,6802.109999999999,1,4,4,144
Joni Wasserman,-269,60,10948.640000000001,1,3,4,134
Joseph Airdo,-274,76,18162.69,1,1,2,112
Joseph Holt,-263,85,20936.870000000006,2,1,1,211
Joy Bell-,-273,84,24008.190000000002,1,1,1,111
Joy Daniels,-232,67,11343.41,4,2,4,424
Joy Smith,-253,70,20791.879999999994,3,2,1,321
Julia Barnett,-274,57,17086.93,1,3,2,132
Julia Dunbar,-209,48,11224.490000000002,4,4,4,444
Julia West,-273,61,20599.98,1,3,1,131
Juliana Krohn,-266,83,23134.239999999998,2,1,1,211
Julie Creighton,-217,63,14994.050000000001,4,3,3,433
Julie Kriz,-177,65,15647.79,4,2,2,422
Julie Prescott,-248,76,14596.17,3,1,3,313
Justin Deggeller,-274,71,23611.639999999996,1,2,1,121
Justin Ellison,-254,53,12908.460000000003,3,4,3,343
Justin Hirsh,-247,81,23918.909999999996,3,1,1,311
Justin MacKendrick,-262,53,9026.070000000002,2,4,4,244
Justin Ritter,-256,57,13623.25,3,3,3,333
Kalyca Meade,-274,43,8645.91,1,4,4,144
Karen Bern,-270,55,11846.010000000002,1,4,4,144
Karen Carlisle,-230,63,10416.34,4,3,4,434
Karen Daniels,-238,64,24017.33,4,3,1,431
Karen Ferguson,-242,62,18264.989999999994,3,3,2,332
Karen Seio,-239,43,5324.959999999999,4,4,4,444
Karl Braun,-272,93,17500.45,1,1,2,112
Katharine Harms,-258,74,18416.870000000003,2,2,2,222
Katherine Ducich,-233,39,11693.5,4,4,4,444
Katherine Hughes,-273,75,12204.87,1,1,4,114
Katherine Murray,-272,81,18519.17,1,1,2,112
Katherine Nockton,-255,59,19668.9,3,3,1,331
Katrina Bavinger,-255,68,14024.659999999998,3,2,3,323
Katrina Edelman,-248,67,13551.139999999998,3,2,3,323
Katrina Willman,-248,58,15747.29,3,3,2,332
Kean Nguyen,-237,66,18061.99,4,2,2,422
Kean Takahito,-231,82,17257.15,4,1,2,412
Kean Thornton,-247,45,8360.400000000001,3,4,4,344
Keith Dawkins,-228,78,26451.260000000006,4,1,1,411
Keith Herrera,-259,79,16884.75,2,1,2,212
Kelly Andreada,-258,86,18879.809999999998,2,1,1,211
Kelly Collister,-241,55,19403.05,3,4,1,341
Kelly Lampkin,-259,86,14248.44,2,1,3,213
Kelly Williams,-252,71,11833.780000000002,3,2,4,324
Ken Black,-181,66,16602.559999999998,4,2,2,422
Ken Brennan,-273,56,11463.7,1,3,4,134
Ken Dana,-199,56,12554.45,4,3,3,433
Ken Heidel,-266,57,9016.57,2,3,4,234
Ken Lonsdale,-274,82,24129.42,1,1,1,111
Khloe Miller,-259,61,10973.83,2,3,4,234
Kimberly Carter,-272,53,13923.130000000001,1,4,3,143
Kristen Hastings,-272,88,19854.489999999998,1,1,1,111
Kristina Nunn,-176,46,10715.65,4,4,4,444
Kunst Miller,-246,69,16969.679999999997,3,2,2,322
Larry Blacks,-265,63,14583.98,2,3,3,233
Larry Hughes,-262,50,8690.75,2,4,4,244
Larry Tron,-268,56,18619.11,1,3,2,132
Laura Armstrong,-273,86,27862.45,1,1,1,111
Laurel Beltran,-235,88,26386.01,4,1,1,411
Laurel Elliston,-260,61,11478.77,2,3,4,234
Laurel Workman,-252,63,10872.589999999998,3,3,4,334
Lauren Leatherbury,-248,66,14936.94,3,2,3,323
Lela Donovan,-232,71,16184.66,4,2,2,422
Lena Cacioppo,-251,66,11080.35,3,2,4,324
Lena Creighton,-258,69,18886.9,2,2,1,221
Lena Hernandez,-253,55,12939.149999999998,3,4,3,343
Lena Radford,-248,65,22902.750000000004,3,2,1,321
Linda Cazamias,-233,67,16741.4,4,2,2,422
Linda Southworth,-268,63,13146.15,1,3,3,133
Lindsay Castell,-272,50,14299.480000000001,1,4,3,143
Lindsay Shagiari,-254,59,9363.089999999998,3,3,4,334
Lindsay Williams,-260,58,10981.63,2,3,4,234
Lisa DeCherney,-231,58,11823.339999999998,4,3,4,434
Lisa Hazard,-233,43,9162.989999999998,4,4,4,444
Lisa Ryan,-229,78,18796.94,4,1,1,411
Liz Carlisle,-270,58,20127.52,1,3,1,131
Liz MacKendrick,-267,50,15529.85,2,4,2,242
Liz Pelletier,-234,54,9463.319999999998,4,4,4,444
Liz Preis,-274,71,16609.500000000004,1,2,2,122
Liz Thompson,-240,74,21221.770000000004,4,2,1,421
Liz Willingham,-241,41,8046.620000000001,3,4,4,344
Logan Currie,-261,71,16082.679999999998,2,2,2,222
Logan Haushalter,-199,72,17292.28,4,2,2,422
Lori Olson,-272,69,13537.499999999998,1,2,3,123
Luke Foster,-252,61,13421.289999999999,3,3,3,333
Luke Schmidt,-259,58,15599.409999999998,2,3,2,232
Luke Weiss,-253,53,12051.519999999999,3,4,4,344
Lycoris Saunders,-270,79,11741.53,1,1,4,114
Lynn Smith,-240,54,11712.149999999998,4,4,4,444
Magdelene Morse,-270,66,21224.08,1,2,1,121
Marc Crier,-230,69,15981.089999999998,4,2,2,422
Marc Harrigan,-237,64,15404.03,4,3,2,432
Maria Bertelson,-273,60,21603.96,1,3,1,131
Maria Etezadi,-269,84,26247.210000000003,1,1,1,111
Maria Zettner,-253,53,17958.18,3,4,2,342
Maribeth Dona,-248,70,17829.55,3,2,2,322
Maribeth Schnelling,-269,79,21682.55,1,1,1,111
Maribeth Yedwab,-245,56,16469.73,3,3,2,332
Marina Lichtenstein,-274,57,15556.47,1,3,2,132
Maris LaWare,-241,60,15174.85,3,3,3,333
Mark Cousins,-251,74,16545.25,3,2,2,322
Mark Haberlin,-266,73,11302.83,2,2,4,224
Mark Hamilton,-220,64,14721.640000000001,4,3,3,433
Mark Packer,-269,52,12986.91,1,4,3,143
Mark Van Huff,-258,57,11515.900000000001,2,3,4,234
Mary O'Rourke,-238,57,11125.280000000002,4,3,4,434
Mary Zewe,-251,77,16577.140000000003,3,1,2,312
MaryBeth Skach,-259,63,14791.89,2,3,3,233
Mathew Reese,-177,76,21571.98,4,1,1,411
Matt Abelman,-210,82,12441.98,4,1,3,413
Matt Collins,-265,75,17900.86,2,1,2,212
Matt Collister,-223,55,11672.9,4,4,4,444
Matt Connell,-225,58,13227.62,4,3,3,433
Matt Hagelstein,-251,60,12217.99,3,3,4,334
Matthew Clasen,-269,80,21808.8,1,1,1,111
Matthew Grinstein,-255,51,13018.990000000002,3,4,3,343
Maureen Fritzler,-226,56,13528.460000000001,4,3,3,433
Maureen Gastineau,-238,83,20360.16,4,1,1,411
Maureen Gnade,-274,74,18326.22,1,2,2,122
Maurice Satty,-245,61,10030.089999999998,3,3,4,334
Max Engle,-263,72,9923.78,2,2,4,224
Max Jones,-253,60,16484.56,3,3,2,332
Max Ludwig,-273,63,15533.619999999999,1,3,2,132
Maxwell Schwartz,-240,73,17921.51,4,2,2,422
Maya Herman,-274,62,13590.970000000001,1,3,3,133
Meg O'Connel,-268,58,18003.390000000003,1,3,2,132
Meg Tillman,-225,59,15346.119999999999,4,3,2,432
Melanie Seite,-270,70,16106.319999999998,1,2,2,122
Michael Chen,-273,65,15939.610000000002,1,2,2,122
Michael Dominguez,-238,59,22429.179999999997,4,3,1,431
Michael Grace,-269,61,14533.03,1,3,3,133
Michael Granlund,-269,63,13181.399999999998,1,3,3,133
Michael Kennedy,-253,74,14447.39,3,2,3,323
Michael Moore,-267,78,21733.7,2,1,1,211
Michael Nguyen,-266,55,15046.25,2,4,3,243
Michael Oakman,-268,29,5460.59,1,4,4,144
Michael Paige,-247,94,17795.620000000003,3,1,2,312
Michael Stewart,-268,77,17865.199999999997,1,1,2,112
Michelle Arnett,-258,59,11934.460000000001,2,3,4,234
Michelle Ellison,-232,49,10708.14,4,4,4,444
Michelle Huthwaite,-260,50,12849.120000000003,2,4,3,243
Michelle Lonsdale,-267,47,10368.5,2,4,4,244
Michelle Moray,-259,66,13088.5,2,2,3,223
Michelle Tran,-147,68,17772.3,4,2,2,422
Mick Brown,-263,71,16447.760000000002,2,2,2,222
Mick Crebagga,-233,62,12013.109999999997,4,3,4,434
Mick Hernandez,-269,67,13277.8,1,2,3,123
Mike Caudle,-223,57,9359.029999999999,4,3,4,434
Mike Gockenbach,-272,51,23377.06,1,4,1,141
Mike Kennedy,-252,82,12740.419999999998,3,1,3,313
Mike Pelletier,-258,82,24214.44,2,1,1,211
Mike Vittorini,-267,62,19572.090000000007,2,3,1,231
Mitch Gastineau,-273,68,18011.839999999993,1,2,2,122
Mitch Webber,-257,74,23068.6,3,2,1,321
Mitch Willingham,-274,66,19003.85,1,2,1,121
Monica Federle,-267,86,21942.870000000003,2,1,1,211
Muhammed Lee,-266,71,15844.709999999997,2,2,2,222
Muhammed MacIntyre,-262,55,10721.0,2,4,4,244
Muhammed Yedwab,-274,108,29642.660000000003,1,1,1,111
Nancy Lomonaco,-249,43,10838.66,3,4,4,344
Naresj Patel,-273,65,13115.17,1,2,3,123
Nat Carroll,-269,76,16613.32,1,1,2,112
Nat Gilpin,-226,66,12009.18,4,2,4,424
Natalie DeCherney,-262,63,13703.369999999999,2,3,3,233
Natalie Fritzler,-273,95,31781.290000000005,1,1,1,111
Natalie Webber,-157,79,22373.549999999996,4,1,1,411
Nathan Cano,-235,49,10759.220000000001,4,4,4,444
Nathan Gelder,-256,65,22720.27,3,2,1,321
Nathan Mautz,-244,75,24276.949999999997,3,1,1,311
Neil Ducich,-269,57,14784.429999999998,1,3,3,133
Neil Französisch,-268,62,12649.929999999997,1,3,3,133
Neil Knudson,-248,63,13878.539999999997,3,3,3,333
Neola Schneider,-268,75,15797.18,1,1,2,112
Neoma Murray,-255,54,13869.15,3,4,3,343
Nick Crebassa,-268,50,12305.259999999998,1,4,3,143
Nick Radford,-272,68,12891.9,1,2,3,123
Nick Zandusky,-189,66,20270.3,4,2,1,421
Nicole Brennan,154,31,5935.07,4,4,4,444
Nicole Fjeld,-263,43,12267.25,2,4,3,243
Nicole Hansen,-269,72,21303.47,1,2,1,121
Noah Childs,-254,59,17343.85,3,3,2,332
Noel Staavos,-238,92,16637.54,4,1,2,412
Nona Balk,-255,51,10081.85,3,4,4,344
Nora Paige,-216,48,15710.89,4,4,2,442
Nora Pelletier,-260,66,16358.31,2,2,2,222
Nora Preis,-246,62,15917.079999999998,3,3,2,332
Odella Nelson,-227,74,19271.7,4,2,1,421
Olvera Toch,-241,73,19758.82,3,2,1,321
Pamela Coakley,-272,48,11940.07,1,4,4,144
Pamela Stobb,-245,66,17632.75,3,2,2,322
Parhena Norris,-259,58,12892.6,2,3,3,233
Patricia Hirasaki,-217,41,11182.400000000001,4,4,4,444
Patrick Bzostek,-266,62,14863.05,2,3,3,233
Patrick Gardner,-254,78,16482.5,3,1,2,312
Patrick Jones,-235,45,14440.93,4,4,3,443
Patrick O'Brill,-270,102,26707.509999999995,1,1,1,111
Patrick O'Donnell,-274,78,24024.2,1,1,1,111
Patrick Ryan,-249,72,14329.25,3,2,3,323
Paul Gonzalez,-272,92,15922.960000000001,1,1,2,112
Paul Knutson,-176,39,8231.01,4,4,4,444
Paul Lucas,-259,47,15015.95,2,4,3,243
Paul MacIntyre,-253,48,14342.47,3,4,3,343
Paul Prost,-260,79,22243.249999999996,2,1,1,211
Paul Stevenson,-247,68,19618.35,3,2,1,321
Paul Van Hugh,-266,65,18931.31,2,2,1,221
Pauline Chand,-253,48,10634.48,3,4,4,344
Pauline Johnson,-255,65,15843.539999999999,3,2,2,322
Pauline Webber,-267,69,13891.060000000001,2,2,3,223
Penelope Sewall,-254,82,30081.69,3,1,1,311
Pete Armstrong,-251,56,10393.81,3,3,4,334
Pete Kriz,-266,73,18661.729999999996,2,2,2,222
Pete Takahito,-272,51,13056.810000000001,1,4,3,143
Peter Bühler,-274,47,9896.009999999998,1,4,4,144
Peter Fuller,-191,87,29876.020000000004,4,1,1,411
Peter McVee,-262,46,11286.959999999997,2,4,4,244
Philip Brown,-269,76,11385.71,1,1,4,114
Philip Fox,-240,67,18026.49,4,2,2,422
Philisse Overcash,-245,73,17984.239999999998,3,2,2,322
Phillina Ober,-241,69,19099.37,3,2,1,321
Phillip Breyer,-266,84,24269.870000000003,2,1,1,211
Phillip Flathmann,-272,68,13389.479999999998,1,2,3,123
Pierre Wener,-273,61,8423.68,1,3,4,134
Quincy Jones,-249,53,18579.98,3,4,2,342
Rachel Payne,-267,74,14999.98,2,2,3,223
Ralph Arnett,-269,88,23043.089999999997,1,1,1,111
Ralph Kennedy,-246,64,14000.039999999999,3,3,3,333
Ralph Ritter,-255,54,13585.869999999997,3,4,3,343
Randy Bradley,-259,83,22898.03,2,1,1,211
Randy Ferguson,-268,63,16599.289999999997,1,3,2,132
Raymond Buch,-254,71,29602.159999999993,3,2,1,321
Raymond Messe,-265,62,18317.130000000005,2,3,2,232
Resi Pölking,-259,91,22050.879999999997,2,1,1,211
Ricardo Emerson,-246,59,14040.530000000002,3,3,3,333
Ricardo Sperren,-241,68,14432.61,3,2,3,323
Richard Bierner,-255,67,14797.210000000001,3,2,3,323
Richard Eichhorn,-259,67,16339.210000000003,2,2,2,222
Rick Bensley,-274,79,20853.68,1,1,1,111
Rick Duston,-274,66,17548.93,1,2,2,122
Rick Hansen,-250,56,16352.98,3,3,2,332
Rick Huthwaite,-254,58,13437.17,3,3,3,333
Rick Reed,-274,73,16386.2,1,2,2,122
Rick Wilson,-248,68,25122.120000000003,3,2,1,321
Ritsa Hightower,-267,60,17697.789999999997,2,3,2,232
Rob Beeghly,-254,62,11548.39,3,3,4,334
Rob Dowd,-249,90,21483.52,3,1,1,311
Rob Haberlin,-268,47,7970.17,1,4,4,144
Rob Lucas,-154,65,17287.04,4,2,2,422
Rob Williams,-197,48,9985.93,4,4,4,444
Robert Barroso,-124,45,6256.21,4,4,4,444
Robert Dilbeck,-247,56,16339.750000000002,3,3,2,332
Robert Marley,-270,47,12867.070000000003,1,4,3,143
Robert Waldorf,-259,64,12599.13,2,3,3,233
Roger Barcio,-258,54,15306.170000000002,2,4,2,242
Roger Demir,-253,77,14736.239999999998,3,1,3,313
Roland Fjeld,-273,59,13089.229999999998,1,3,3,133
Roland Murray,-258,37,7404.18,2,4,4,244
Roland Schwarz,-238,49,15106.27,4,4,3,443
Rose O'Brian,-270,79,21913.540000000005,1,1,1,111
Ross Baird,-244,77,19312.18,3,1,1,311
Ross DeVincentis,-260,70,10305.889999999998,2,2,4,224
Roy Collins,-156,45,7954.110000000001,4,4,4,444
Roy Französisch,-268,78,15649.189999999999,1,1,2,112
Roy Phan,-253,72,14612.21,3,2,3,323
Roy Skaria,-255,56,8122.42,3,3,4,334
Ruben Ausman,-231,75,15938.77,4,1,2,412
Ruben Dartt,-242,86,18322.98,3,1,2,312
Russell Applegate,-262,76,21395.850000000006,2,1,1,211
Russell D'Ascenzo,-246,71,15817.0,3,2,2,322
Ryan Akin,-273,55,13740.629999999997,1,4,3,143
Ryan Crowe,-252,50,9537.830000000002,3,4,4,344
Sally Hughsby,-249,77,18951.67,3,1,1,311
Sally Knutson,-266,62,13291.84,2,3,3,233
Sally Matthias,-170,54,13063.96,4,4,3,443
Sam Craven,-266,69,11055.809999999998,2,2,4,224
Sam Zeldin,-261,77,16356.569999999998,2,1,2,212
Sample Company A,-234,90,19125.07,4,1,1,411
Sandra Flanagan,-216,51,11257.17,4,4,4,444
Sandra Glassco,-271,50,11853.240000000002,1,4,4,144
Sanjit Chand,-199,69,26521.13000000001,4,2,1,421
Sanjit Engle,-265,82,30146.34,2,1,1,211
Sanjit Jacobs,-242,79,13523.279999999999,3,1,3,313
Saphhira Shifley,-259,84,23630.22,2,1,1,211
Sara Luxemburg,-245,82,16832.489999999998,3,1,2,312
Sarah Bern,-272,50,14598.179999999998,1,4,3,143
Sarah Brown,-200,71,22302.93,4,2,1,421
Sarah Foster,-269,73,15652.939999999999,1,2,2,122
Sarah Jordon,-246,79,16068.949999999999,3,1,2,312
Scot Coram,-258,64,22127.79,2,3,1,231
Scot Wooten,-262,56,15478.590000000002,2,3,2,232
Scott Cohen,-274,74,12532.719999999998,1,2,3,123
Scott Williamson,-253,68,17045.55,3,2,2,322
Sean Braxton,-233,53,20513.940000000002,4,4,1,441
Sean Christensen,-258,76,20903.92,2,1,1,211
Sean Miller,-253,50,35170.97,3,4,1,341
Sean O'Donnell,-245,60,16366.449999999999,3,3,2,332
Sean Wendt,-262,46,8167.72,2,4,4,244
Seth Vernon,-187,85,23632.94,4,1,1,411
Shahid Collister,-244,85,17678.87,3,1,2,312
Shahid Hopkins,-251,68,12978.21,3,2,3,323
Shahid Shariari,-248,67,18107.959999999995,3,2,2,322
Sharelle Roach,-266,52,13002.46,2,4,3,243
Shaun Chance,-265,56,9606.52,2,3,4,234
Shaun Weien,-267,42,8243.25,2,4,4,244
Sheri Gordon,-184,59,13816.95,4,3,3,433
Shirley Daniels,-259,85,17959.429999999997,2,1,2,212
Shirley Jackson,-99,52,13384.85,4,4,3,443
Shirley Schmidt,-274,36,7905.18,1,4,4,144
Shui Tom,-268,65,15007.279999999997,1,2,3,123
Sibella Parks,-258,36,7219.5199999999995,2,4,4,244
Skye Norling,-261,67,14218.82,2,2,3,223
Sonia Cooley,-247,57,10013.460000000001,3,3,4,334
Sonia Sunley,-269,61,13121.810000000001,1,3,3,133
Speros Goranitis,-199,66,12944.61,4,2,3,423
Stefania Perrino,-269,78,19413.239999999994,1,1,1,111
Stefanie Holloman,-244,55,14205.73,3,4,3,343
Stephanie Phelps,-254,46,11148.76,3,4,4,344
Stephanie Ulpright,-270,72,10773.61,1,2,4,124
Steve Carroll,-253,71,19821.859999999997,3,2,1,321
Steve Chapman,-265,74,23399.95,2,2,1,221
Steve Nguyen,-230,61,13406.19,4,3,3,433
Steven Cartwright,-267,73,16919.899999999998,2,2,2,222
Steven Roelle,-253,65,19374.31,3,2,1,321
Steven Ward,-259,106,25668.519999999997,2,1,1,211
Stewart Carmichael,-234,83,16528.369999999995,4,1,2,412
Stewart Visinsky,-253,75,17232.37,3,1,2,312
Stuart Calhoun,-244,45,11410.57,3,4,4,344
Stuart Van,-266,62,22304.440000000002,2,3,1,231
Sue Ann Reed,-264,64,16495.07,2,3,2,232
Sung Chung,-266,46,11266.750000000002,2,4,4,244
Sung Pak,-220,52,13498.089999999997,4,4,3,443
Sung Shariari,-260,43,5328.46,2,4,4,244
Susan Gilcrest,-258,58,12685.099999999999,2,3,3,233
Susan MacKendrick,-237,41,8630.479999999998,4,4,4,444
Susan Pistek,-268,68,29020.6,1,2,1,121
Susan Vittorini,-274,67,15685.449999999999,1,2,2,122
Suzanne McNair,-249,64,12889.1,3,3,3,333
Sylvia Foulston,-226,47,9253.980000000001,4,4,4,444
Tamara Chand,-247,88,37457.34,3,1,1,311
Tamara Dahlen,-274,58,7704.6,1,3,4,134
Tamara Manning,-210,55,14459.64,4,4,3,443
Tamara Willingham,-255,59,14255.009999999998,3,3,3,333
Tanja Norvell,-252,53,9597.63,3,4,4,344
Ted Butterfield,-239,76,16026.859999999999,4,1,2,412
Ted Trevino,-260,64,17245.38,2,3,2,232
Thais Sissman,-233,60,6785.92,4,3,4,434
Thea Hendricks,-268,59,15541.070000000002,1,3,2,132
Thea Hudgings,-231,64,15353.800000000001,4,3,2,432
Theone Pippenger,-272,88,23959.050000000003,1,1,1,111
Theresa Coyne,-263,84,22219.910000000003,2,1,1,211
Theresa Swint,-266,63,7936.030000000001,2,3,4,234
Thomas Boland,-235,69,17423.919999999995,4,2,2,422
Thomas Brumley,-225,38,11801.869999999999,4,4,4,444
Thomas Seio,-248,68,14530.32,3,2,3,323
Thomas Thornton,-269,63,15051.0,1,3,3,133
Tiffany House,-266,67,16797.63,2,2,2,222
Tim Brockman,-273,89,19100.91,1,1,1,111
Tim Taslimi,-273,55,9779.669999999998,1,4,4,144
Toby Braunhardt,-217,67,11701.359999999999,4,2,4,424
Toby Carlisle,-262,67,20122.82,2,2,1,221
Toby Gnade,-260,63,13019.660000000003,2,3,3,233
Toby Ritter,-273,65,12428.91,1,2,3,123
Toby Swindell,-266,76,18628.359999999997,2,1,2,212
Todd Boyes,-260,67,9643.26,2,2,4,224
Todd Sumrall,-256,75,27775.280000000002,3,1,1,311
Tom Ashbrook,-266,80,40488.090000000004,2,1,1,211
Tom Boeckenhauer,-249,93,24479.320000000003,3,1,1,311
Tom Prescott,-226,50,12877.66,4,4,3,443
Tom Stivers,-255,69,15345.000000000002,3,2,2,322
Tom Zandusky,-266,73,15346.81,2,2,2,222
Tonja Turnell,-262,84,20081.79,2,1,1,211
Tony Chapman,-273,67,12630.3,1,2,3,123
Tony Molinari,-234,80,15971.88,4,1,2,412
Tony Sayre,-263,66,19737.35,2,2,1,221
Tracy Blumstein,-256,91,20708.3,3,1,1,311
Tracy Collins,-274,55,11103.02,1,4,4,144
Tracy Hopkins,-269,55,13092.730000000001,1,4,3,143
Tracy Poddar,-260,68,13287.160000000003,2,2,3,223
Tracy Zic,-239,48,10858.54,4,4,4,444
Troy Blackwell,-246,46,9190.089999999998,3,4,4,344
Troy Staebel,-254,83,22577.079999999998,3,1,1,311
Trudy Brown,-244,69,15076.97,3,2,3,323
Trudy Glocke,-269,75,18880.350000000002,1,1,1,111
Trudy Schmidt,-190,56,9978.34,4,3,4,434
Valerie Dominguez,-274,67,15984.95,1,2,2,122
Valerie Mitchum,-261,68,14567.12,2,2,3,223
Valerie Takahito,-267,72,19370.770000000004,2,2,1,221
Vicky Freymann,-261,49,12602.49,2,4,3,243
Victor Preis,-246,58,12061.269999999999,3,3,4,334
Victoria Brennan,-270,45,10744.68,1,4,4,144
Victoria Pisteka,-199,60,18551.26,4,3,2,432
Victoria Wilson,-268,66,17038.54,1,2,2,122
Vivek Gonzalez,-164,50,10294.78,4,4,4,444
Vivek Grady,-272,61,23763.599999999995,1,3,1,131
Vivek Sundaresam,-252,40,11412.0,3,4,4,344
Vivian Mathis,-266,36,3892.23,2,4,4,244
William Brown,-254,84,16887.190000000002,3,1,2,312
Xylona Preis,-231,61,12198.959999999997,4,3,4,434
Yana Sorensen,-270,62,20032.430000000004,1,3,1,131
Yoseph Carroll,-270,56,20164.38,1,3,1,131
Zuschuss Carroll,-271,85,28479.98,1,1,1,111
Zuschuss Donatelli,-273,54,12430.58,1,4,3,143
